{
  "$schema": "./node_modules/@angular/cli/lib/config/schema.json",
  "project": {
    "name": "ng-pi-admin"
  },
  "apps": [{
    "root": "src",
    "outDir": "dist",
    "assets": [
      "assets",
      "favicon.ico"
    ],
    "index": "index.html",
    "main": "main.ts",
    "polyfills": "polyfills.ts",
    "test": "test.ts",
    "tsconfig": "tsconfig.app.json",
    "testTsconfig": "tsconfig.spec.json",
    "prefix": "app",
    "styles": [
      "../node_modules/normalize.css/normalize.css",
      "../node_modules/font-awesome/scss/font-awesome.scss",
      "../node_modules/bootstrap/less/bootstrap.less",
      "../node_modules/sweetalert2/dist/sweetalert2.css",
      "../node_modules/animate.css/animate.css",
      "assets/iconfonts/iconfont.css",
      "app/shared/_styles.scss",
      "styles.scss"
    ],
    "scripts": [
      "../node_modules/jquery/dist/jquery.js",
      "../node_modules/bootstrap/dist/js/bootstrap.js",
      "../node_modules/sweetalert2/dist/sweetalert2.js",
      "../node_modules/echarts/dist/echarts.min.js",
      "../node_modules/echarts/map/js/china.js",
      "../node_modules/echarts/dist/extension/bmap.js",
      "app/shared/theme/echarts/dark.js"
    ],
    "environmentSource": "environments/environment.ts",
    "environments": {
      "dev": "environments/environment.ts",
      "prod": "environments/environment.prod.ts"
    }
  }],
  "e2e": {
    "protractor": {
      "config": "./protractor.conf.js"
    }
  },
  "lint": [{
      "project": "src/tsconfig.app.json",
      "exclude": "**/node_modules/**"
    },
    {
      "project": "src/tsconfig.spec.json",
      "exclude": "**/node_modules/**"
    },
    {
      "project": "e2e/tsconfig.e2e.json",
      "exclude": "**/node_modules/**"
    }
  ],
  "test": {
    "karma": {
      "config": "./karma.conf.js"
    }
  },
  "defaults": {
    "styleExt": "scss",
    "component": {}
  }
}
